YEAR;MES;DIA;;;
2000;1;1;0;30.8;-99.9
2000;1;2;0;30.6;-99.9
2000;1;3;0;30.6;-99.9
2000;1;4;0;32.8;-99.9
2000;1;5;0;32.4;-99.9
2000;1;6;0;32.8;-99.9
2000;1;7;0;30.2;-99.9
2000;1;8;0;32.4;-99.9
2000;1;9;0;32.8;-99.9
2000;1;10;0;30.8;-99.9
2000;1;11;0;32;-99.9
2000;1;12;0;32.8;-99.9
2000;1;13;0;31;-99.9
2000;1;14;0;32.4;-99.9
2000;1;15;0;32.2;-99.9
2000;1;16;0;32.6;-99.9
2000;1;17;0;32;-99.9
2000;1;18;0;32.4;-99.9
2000;1;19;0;33.2;-99.9
2000;1;20;0;32.6;-99.9
2000;1;21;0;30;-99.9
2000;1;22;0;32;-99.9
2000;1;23;0;31.6;-99.9
2000;1;24;0;34.4;-99.9
2000;1;25;0;33.2;-99.9
2000;1;26;1.5;34.4;-99.9
2000;1;27;0.7;26.4;-99.9
2000;1;28;0;33.4;-99.9
2000;1;29;0;34.4;-99.9
2000;1;30;0;34.6;-99.9
2000;1;31;0;33.6;-99.9
2000;2;1;0;34;-99.9
2000;2;2;0;32.8;-99.9
2000;2;3;0.7;34.6;-99.9
2000;2;4;0;31.4;-99.9
2000;2;5;0;31;-99.9
2000;2;6;0;32.6;-99.9
2000;2;7;0;33;-99.9
2000;2;8;0;32.8;-99.9
2000;2;9;0;32.4;-99.9
2000;2;10;0;31.4;-99.9
2000;2;11;0;32.6;-99.9
2000;2;12;0;31.8;-99.9
2000;2;13;0;35;-99.9
2000;2;14;0;34.8;-99.9
2000;2;15;0;33;-99.9
2000;2;16;0;33.8;-99.9
2000;2;17;0;34.2;-99.9
2000;2;18;0;31.8;-99.9
2000;2;19;0;33.4;-99.9
2000;2;20;0;33.4;-99.9
2000;2;21;0;35.2;-99.9
2000;2;22;0;34;-99.9
2000;2;23;0;34;-99.9
2000;2;24;0.3;32.4;-99.9
2000;2;25;0;27.8;-99.9
2000;2;26;0;34;-99.9
2000;2;27;0;35.4;-99.9
2000;2;28;0;32.8;-99.9
2000;2;29;0;31.4;-99.9
2000;3;1;0;33;-99.9
2000;3;2;0;33.2;-99.9
2000;3;3;0;34;-99.9
2000;3;4;0;35;-99.9
2000;3;5;0;31.8;-99.9
2000;3;6;5.5;33.8;-99.9
2000;3;7;5.6;30.4;-99.9
2000;3;8;2.9;28.6;-99.9
2000;3;9;0;34.8;-99.9
2000;3;10;0;33.6;-99.9
2000;3;11;0;33.4;-99.9
2000;3;12;0;33.4;-99.9
2000;3;13;0;33.6;-99.9
2000;3;14;12.4;34.2;-99.9
2000;3;15;0;31.4;-99.9
2000;3;16;0;31;-99.9
2000;3;17;0;32;-99.9
2000;3;18;0;33;-99.9
2000;3;19;0;32.4;-99.9
2000;3;20;0;34.2;-99.9
2000;3;21;0;34.2;-99.9
2000;3;22;0;32.8;-99.9
2000;3;23;0;33.4;-99.9
2000;3;24;0;31.6;-99.9
2000;3;25;0;34.8;-99.9
2000;3;26;0;34.6;-99.9
2000;3;27;0;34.6;-99.9
2000;3;28;0;32;-99.9
2000;3;29;0.9;32.6;-99.9
2000;3;30;0;34;-99.9
2000;3;31;0;35;-99.9
2000;4;1;9.5;34;-99.9
2000;4;2;0;32.6;-99.9
2000;4;3;0;31.4;-99.9
2000;4;4;5.5;31.8;-99.9
2000;4;5;1;31.8;-99.9
2000;4;6;0;32.8;-99.9
2000;4;7;0;32.4;-99.9
2000;4;8;0;31.2;-99.9
2000;4;9;0;34;-99.9
2000;4;10;0;32.8;-99.9
2000;4;11;0;32;-99.9
2000;4;12;0;32;-99.9
2000;4;13;0;32;-99.9
2000;4;14;0;33.4;-99.9
2000;4;15;0;32.8;-99.9
2000;4;16;4;31.4;-99.9
2000;4;17;0;31.6;-99.9
2000;4;18;0;31;-99.9
2000;4;19;0;31.4;-99.9
2000;4;20;0;28.8;-99.9
2000;4;21;0;30.4;-99.9
2000;4;22;0;31.6;-99.9
2000;4;23;0.5;31.8;-99.9
2000;4;24;1.1;32;-99.9
2000;4;25;0;30.6;-99.9
2000;4;26;0;32.2;-99.9
2000;4;27;0;32.2;-99.9
2000;4;28;0;32.8;-99.9
2000;4;29;0;31;-99.9
2000;4;30;0;31.6;-99.9
2000;5;1;0;30.6;-99.9
2000;5;2;0;31.2;-99.9
2000;5;3;0;27;-99.9
2000;5;4;0;26;-99.9
2000;5;5;0;32.4;-99.9
2000;5;6;0;31.6;-99.9
2000;5;7;0;31.4;-99.9
2000;5;8;0;31.4;-99.9
2000;5;9;0;31.6;-99.9
2000;5;10;0;31.8;-99.9
2000;5;11;0;30.8;-99.9
2000;5;12;0;28.8;-99.9
2000;5;13;0;29.8;-99.9
2000;5;14;0;29.8;-99.9
2000;5;15;0;28;-99.9
2000;5;16;0;27.6;-99.9
2000;5;17;0;26.4;-99.9
2000;5;18;0;28.4;-99.9
2000;5;19;0;27.6;-99.9
2000;5;20;0;29.8;-99.9
2000;5;21;0;28;-99.9
2000;5;22;0;30;-99.9
2000;5;23;0;30;-99.9
2000;5;24;0;26.2;-99.9
2000;5;25;0;27.8;-99.9
2000;5;26;0;27.4;-99.9
2000;5;27;0;29.2;-99.9
2000;5;28;0;27.2;-99.9
2000;5;29;0;29.4;-99.9
2000;5;30;0;28.8;-99.9
2000;5;31;0;30.2;-99.9
2000;6;1;0;27.4;-99.9
2000;6;2;0;30.4;-99.9
2000;6;3;0;28.2;-99.9
2000;6;4;0;25.6;-99.9
2000;6;5;0;24.4;-99.9
2000;6;6;0;24.6;-99.9
2000;6;7;0;27.8;-99.9
2000;6;8;0;28.4;-99.9
2000;6;9;0;23.2;-99.9
2000;6;10;0;24.4;-99.9
2000;6;11;0;24.4;-99.9
2000;6;12;0;25.8;-99.9
2000;6;13;0;23.8;-99.9
2000;6;14;0;22.4;-99.9
2000;6;15;0;26.4;-99.9
2000;6;16;0;27.8;-99.9
2000;6;17;0;24.6;-99.9
2000;6;18;0;20.6;-99.9
2000;6;19;0;24.4;-99.9
2000;6;20;0;27.4;-99.9
2000;6;21;0;22.2;-99.9
2000;6;22;0;25;-99.9
2000;6;23;0.8;22.6;-99.9
2000;6;24;0.3;21.4;-99.9
2000;6;25;0;20.6;-99.9
2000;6;26;0;26;-99.9
2000;6;27;0;21.8;-99.9
2000;6;28;0;24.8;-99.9
2000;6;29;0;27.4;-99.9
2000;6;30;0;24.4;-99.9
2000;7;1;0;23.4;-99.9
2000;7;2;0;23.6;-99.9
2000;7;3;0;25.4;-99.9
2000;7;4;0;23.6;-99.9
2000;7;5;0;27.4;-99.9
2000;7;6;0;25.2;-99.9
2000;7;7;0;24.6;-99.9
2000;7;8;0;21.8;-99.9
2000;7;9;0;24.8;-99.9
2000;7;10;0;23;-99.9
2000;7;11;0;26.4;-99.9
2000;7;12;0;29;-99.9
2000;7;13;0;27.6;-99.9
2000;7;14;0;24.6;-99.9
2000;7;15;0;21.6;-99.9
2000;7;16;0;21.6;-99.9
2000;7;17;0;20.4;-99.9
2000;7;18;0;22.2;-99.9
2000;7;19;0;23;-99.9
2000;7;20;0;23;-99.9
2000;7;21;0;26;-99.9
2000;7;22;0;21.6;-99.9
2000;7;23;0;22.2;-99.9
2000;7;24;0;21;-99.9
2000;7;25;0;26;-99.9
2000;7;26;0;24.8;-99.9
2000;7;27;0;22.4;-99.9
2000;7;28;0;20.8;-99.9
2000;7;29;0;20.4;-99.9
2000;7;30;0;29.2;-99.9
2000;7;31;0;25.8;-99.9
2000;8;1;0;24.2;-99.9
2000;8;2;0;24.6;-99.9
2000;8;3;1.1;23.2;-99.9
2000;8;4;0;23.4;-99.9
2000;8;5;0;20;-99.9
2000;8;6;0;28.2;-99.9
2000;8;7;0;26.4;-99.9
2000;8;8;0;28;-99.9
2000;8;9;0;27.4;-99.9
2000;8;10;0;28.8;-99.9
2000;8;11;0;25.8;-99.9
2000;8;12;0;25.4;-99.9
2000;8;13;0;26.6;-99.9
2000;8;14;0;23.4;-99.9
2000;8;15;0;24.4;-99.9
2000;8;16;0;22.4;-99.9
2000;8;17;0;28.6;-99.9
2000;8;18;0;25.2;-99.9
2000;8;19;0;29.4;-99.9
2000;8;20;0;26;-99.9
2000;8;21;0;26;-99.9
2000;8;22;0;29;-99.9
2000;8;23;0;28.6;-99.9
2000;8;24;0;30.6;-99.9
2000;8;25;0;25.8;-99.9
2000;8;26;0;28.6;-99.9
2000;8;27;0;27;-99.9
2000;8;28;0;26;-99.9
2000;8;29;0;28;-99.9
2000;8;30;0;23.4;-99.9
2000;8;31;0;28;-99.9
2000;9;1;0;28.4;-99.9
2000;9;2;0;28.4;-99.9
2000;9;3;0;27.6;-99.9
2000;9;4;0;29.2;-99.9
2000;9;5;0;25.6;-99.9
2000;9;6;0;27.4;-99.9
2000;9;7;0;28.4;-99.9
2000;9;8;0;30.2;-99.9
2000;9;9;0;27.4;-99.9
2000;9;10;0;27.4;-99.9
2000;9;11;0;30;-99.9
2000;9;12;0;28.8;-99.9
2000;9;13;0;27.4;-99.9
2000;9;14;0;30;-99.9
2000;9;15;0;28.2;-99.9
2000;9;16;0;27.6;-99.9
2000;9;17;0;29;-99.9
2000;9;18;0;29.6;-99.9
2000;9;19;0;27.6;-99.9
2000;9;20;0;27.2;-99.9
2000;9;21;0;28;-99.9
2000;9;22;0;28.6;-99.9
2000;9;23;0;27.4;-99.9
2000;9;24;0;28.4;-99.9
2000;9;25;0;27.4;-99.9
2000;9;26;0;30.6;-99.9
2000;9;27;0;29.4;-99.9
2000;9;28;0;29.4;-99.9
2000;9;29;0;29.6;-99.9
2000;9;30;0;27.4;-99.9
2000;10;1;0;30.2;-99.9
2000;10;2;0;27.4;-99.9
2000;10;3;0;28.4;-99.9
2000;10;4;0;28.6;-99.9
2000;10;5;0;29.6;-99.9
2000;10;6;0;29.6;-99.9
2000;10;7;0;30;-99.9
2000;10;8;0;29.8;-99.9
2000;10;9;0;29.6;-99.9
2000;10;10;0;30.6;-99.9
2000;10;11;0;29;-99.9
2000;10;12;0;30.4;-99.9
2000;10;13;0;29.2;-99.9
2000;10;14;0;30;-99.9
2000;10;15;0;30.6;-99.9
2000;10;16;0;30.2;-99.9
2000;10;17;0;27.8;-99.9
2000;10;18;0;27.6;-99.9
2000;10;19;0;27.8;-99.9
2000;10;20;0;29.4;-99.9
2000;10;21;0;30;-99.9
2000;10;22;0;30;-99.9
2000;10;23;0;28.6;-99.9
2000;10;24;0;29.4;-99.9
2000;10;25;0;28.8;-99.9
2000;10;26;0;31;-99.9
2000;10;27;0;29.8;-99.9
2000;10;28;0;29;-99.9
2000;10;29;0;27;-99.9
2000;10;30;0;29.2;-99.9
2000;10;31;0;30;-99.9
2000;11;1;0;31;-99.9
2000;11;2;0;28.4;-99.9
2000;11;3;0;26;-99.9
2000;11;4;0;28.8;-99.9
2000;11;5;0;28.2;-99.9
2000;11;6;0;27.8;-99.9
2000;11;7;0;28;-99.9
2000;11;8;0;29;-99.9
2000;11;9;0;29;-99.9
2000;11;10;0;30;-99.9
2000;11;11;0;28.6;-99.9
2000;11;12;0;28.6;-99.9
2000;11;13;0;28;-99.9
2000;11;14;0;28.2;-99.9
2000;11;15;0;26.8;-99.9
2000;11;16;0;26.6;-99.9
2000;11;17;0;29;-99.9
2000;11;18;0;26.4;-99.9
2000;11;19;0;32;-99.9
2000;11;20;0;31;-99.9
2000;11;21;0;32;-99.9
2000;11;22;0;30;-99.9
2000;11;23;0;28.4;-99.9
2000;11;24;0;31;-99.9
2000;11;25;0;32;-99.9
2000;11;26;0;31.2;-99.9
2000;11;27;0;29.8;-99.9
2000;11;28;0;30.6;-99.9
2000;11;29;0;32.2;-99.9
2000;11;30;0;30.6;-99.9
2000;12;1;0;29.4;-99.9
2000;12;2;0;32.8;-99.9
2000;12;3;0;32.2;-99.9
2000;12;4;0;29.2;-99.9
2000;12;5;0;31.6;-99.9
2000;12;6;0;30.8;-99.9
2000;12;7;2.8;28.4;-99.9
2000;12;8;0.6;30.6;-99.9
2000;12;9;0;28.8;-99.9
2000;12;10;0;29.6;-99.9
2000;12;11;0;30.6;-99.9
2000;12;12;0;30;-99.9
2000;12;13;0;31.8;-99.9
2000;12;14;0;31.6;-99.9
2000;12;15;0;29.8;-99.9
2000;12;16;0;29.4;-99.9
2000;12;17;0;30.4;-99.9
2000;12;18;0;27.2;-99.9
2000;12;19;0;25;-99.9
2000;12;20;0;30;-99.9
2000;12;21;0;31.6;-99.9
2000;12;22;0;30.4;-99.9
2000;12;23;0;31;-99.9
2000;12;24;0;33.4;-99.9
2000;12;25;0;31.6;-99.9
2000;12;26;0;32;-99.9
2000;12;27;0;33;-99.9
2000;12;28;0.7;29.4;-99.9
2000;12;29;0;30.4;-99.9
2000;12;30;0;31.4;-99.9
2000;12;31;0;31.4;-99.9
2001;1;1;0;32;-99.9
2001;1;2;0;33;-99.9
2001;1;3;0;32.4;-99.9
2001;1;4;0;33;-99.9
2001;1;5;0;29.6;-99.9
2001;1;6;0;31.4;-99.9
2001;1;7;0;33.8;-99.9
2001;1;8;0;32.6;-99.9
2001;1;9;0;31.6;-99.9
2001;1;10;0;33.4;-99.9
2001;1;11;0;33.2;-99.9
2001;1;12;0;30.4;-99.9
2001;1;13;0;32;-99.9
2001;1;14;0;32.4;-99.9
2001;1;15;1.1;33;-99.9
2001;1;16;0;28.6;-99.9
2001;1;17;0.7;30.6;-99.9
2001;1;18;0.8;31.6;-99.9
2001;1;19;5.1;31.6;-99.9
2001;1;20;0;30.4;-99.9
2001;1;21;0;30.4;-99.9
2001;1;22;0;31.4;-99.9
2001;1;23;0;32;-99.9
2001;1;24;0;33.8;-99.9
2001;1;25;0;31.8;-99.9
2001;1;26;0;33;-99.9
2001;1;27;0;32.8;-99.9
2001;1;28;0;33.4;-99.9
2001;1;29;0;34.2;-99.9
2001;1;30;0;33;-99.9
2001;1;31;0;33.6;-99.9
2001;2;1;0;33;-99.9
2001;2;2;0;33;-99.9
2001;2;3;9.2;32;-99.9
2001;2;4;0;29.6;-99.9
2001;2;5;0;32.8;-99.9
2001;2;6;0;31;-99.9
2001;2;7;0;34.2;-99.9
2001;2;8;0;36;-99.9
2001;2;9;0;34.6;-99.9
2001;2;10;0;32.4;-99.9
2001;2;11;0;34;-99.9
2001;2;12;0;34.2;-99.9
2001;2;13;0;35;-99.9
2001;2;14;0;34.4;-99.9
2001;2;15;0;34;-99.9
2001;2;16;0;35;-99.9
2001;2;17;0;34.6;-99.9
2001;2;18;0;35.4;-99.9
2001;2;19;0;33.6;-99.9
2001;2;20;0;32.8;-99.9
2001;2;21;0;33;-99.9
2001;2;22;0;34.6;-99.9
2001;2;23;0;34.4;-99.9
2001;2;24;0;32;-99.9
2001;2;25;0;32.2;-99.9
2001;2;26;0;34.2;-99.9
2001;2;27;0;34;-99.9
2001;2;28;0;35;-99.9
2001;3;1;0;33;-99.9
2001;3;2;0;34.4;-99.9
2001;3;3;0;33.4;-99.9
2001;3;4;0;33.6;-99.9
2001;3;5;0;32.6;-99.9
2001;3;6;5.7;33.6;-99.9
2001;3;7;0;29.2;-99.9
2001;3;8;0.4;27.4;-99.9
2001;3;9;0;32.4;-99.9
2001;3;10;0;33.2;-99.9
2001;3;11;0;35.6;-99.9
2001;3;12;0;34.6;-99.9
2001;3;13;0;34;-99.9
2001;3;14;0;34.8;-99.9
2001;3;15;41.6;34.8;-99.9
2001;3;16;4.5;31.8;-99.9
2001;3;17;0;33.2;-99.9
2001;3;18;15.2;33;-99.9
2001;3;19;17.7;31;-99.9
2001;3;20;4.8;31.4;-99.9
2001;3;21;3.5;31.4;-99.9
2001;3;22;33.8;33.2;-99.9
2001;3;23;15.6;31.2;-99.9
2001;3;24;2.1;32.8;-99.9
2001;3;25;3.3;30.2;-99.9
2001;3;26;7.8;30.6;-99.9
2001;3;27;10.5;30;-99.9
2001;3;28;0;31.4;-99.9
2001;3;29;0;33;-99.9
2001;3;30;9;31.8;-99.9
2001;3;31;0;32.2;-99.9
2001;4;1;8.1;30.8;-99.9
2001;4;2;5.6;30.4;-99.9
2001;4;3;0;30.8;-99.9
2001;4;4;0;31.6;-99.9
2001;4;5;0;30.8;-99.9
2001;4;6;0;29.4;-99.9
2001;4;7;4.3;30.4;-99.9
2001;4;8;0.2;29.4;-99.9
2001;4;9;2.5;32;-99.9
2001;4;10;0;31.8;-99.9
2001;4;11;0;31.2;-99.9
2001;4;12;0.4;29.8;-99.9
2001;4;13;0.5;32.6;-99.9
2001;4;14;0;30.4;-99.9
2001;4;15;0;28.4;-99.9
2001;4;16;0;29.6;-99.9
2001;4;17;0;30.8;-99.9
2001;4;18;0;30.4;-99.9
2001;4;19;0;32.4;-99.9
2001;4;20;0;31.8;-99.9
2001;4;21;0;32.4;-99.9
2001;4;22;0;32;-99.9
2001;4;23;0;32;-99.9
2001;4;24;0;30.8;-99.9
2001;4;25;0;24.8;-99.9
2001;4;26;0;25.4;-99.9
2001;4;27;0;29.2;-99.9
2001;4;28;0;26.4;-99.9
2001;4;29;0;27.4;-99.9
2001;4;30;0;31;-99.9
2001;5;1;0;29.2;-99.9
2001;5;2;0;29.6;-99.9
2001;5;3;0;29.8;-99.9
2001;5;4;0;31.8;-99.9
2001;5;5;0;31;-99.9
2001;5;6;0;29.6;-99.9
2001;5;7;0;27.6;-99.9
2001;5;8;0;28.8;-99.9
2001;5;9;0;29;-99.9
2001;5;10;0;26.4;-99.9
2001;5;11;0;28.8;-99.9
2001;5;12;0;27;-99.9
2001;5;13;0;30.2;-99.9
2001;5;14;0;28.2;-99.9
2001;5;15;0;28;-99.9
2001;5;16;0;27.8;-99.9
2001;5;17;0;24.8;-99.9
2001;5;18;0;26.4;-99.9
2001;5;19;0;30;-99.9
2001;5;20;0;26.2;-99.9
2001;5;21;0;28.4;-99.9
2001;5;22;0;27.8;-99.9
2001;5;23;0;28.4;-99.9
2001;5;24;0;25.8;-99.9
2001;5;25;0;25.4;-99.9
2001;5;26;0;25.2;-99.9
2001;5;27;0;28.2;-99.9
2001;5;28;0;27.8;-99.9
2001;5;29;0;24.8;-99.9
2001;5;30;0;23.2;-99.9
2001;5;31;0;22.4;-99.9
2001;6;1;0;27.4;-99.9
2001;6;2;0;22.6;-99.9
2001;6;3;0;26;-99.9
2001;6;4;0;24.8;-99.9
2001;6;5;0;22;-99.9
2001;6;6;0;22.6;-99.9
2001;6;7;0;21.6;-99.9
2001;6;8;0;23.4;-99.9
2001;6;9;0;28.2;-99.9
2001;6;10;0;25.2;-99.9
2001;6;11;0;24;-99.9
2001;6;12;0;27.4;-99.9
2001;6;13;0;25;-99.9
2001;6;14;0;20.6;-99.9
2001;6;15;0;21.6;-99.9
2001;6;16;0;22.4;-99.9
2001;6;17;0.3;20;-99.9
2001;6;18;0;20.6;-99.9
2001;6;19;0;20.8;-99.9
2001;6;20;0.2;20.6;-99.9
2001;6;21;0;20.2;-99.9
2001;6;22;0;20.6;-99.9
2001;6;23;0;20;-99.9
2001;6;24;0;20.4;-99.9
2001;6;25;0;20.4;-99.9
2001;6;26;0;22.2;-99.9
2001;6;27;0;25.8;-99.9
2001;6;28;0;22.8;-99.9
2001;6;29;0;26;-99.9
2001;6;30;0;24;-99.9
2001;7;1;0;26;-99.9
2001;7;2;0;21.4;-99.9
2001;7;3;0;26;-99.9
2001;7;4;0;25.4;-99.9
2001;7;5;0;27.2;-99.9
2001;7;6;0;27.2;-99.9
2001;7;7;0;24.6;-99.9
2001;7;8;0;24;-99.9
2001;7;9;0;24.2;-99.9
2001;7;10;0;24.4;-99.9
2001;7;11;0;22.6;-99.9
2001;7;12;0;25.4;-99.9
2001;7;13;0.6;26.4;-99.9
2001;7;14;0;26.8;-99.9
2001;7;15;0;26.2;-99.9
2001;7;16;0;27;-99.9
2001;7;17;0;25.2;-99.9
2001;7;18;0;26.2;-99.9
2001;7;19;0;25;-99.9
2001;7;20;0;23.2;-99.9
2001;7;21;0;28.4;-99.9
2001;7;22;0;25.8;-99.9
2001;7;23;0;22.6;-99.9
2001;7;24;0;23.4;-99.9
2001;7;25;0;21.4;-99.9
2001;7;26;0;26.6;-99.9
2001;7;27;0;24.8;-99.9
2001;7;28;0;27.4;-99.9
2001;7;29;0;25.4;-99.9
2001;7;30;0;22.4;-99.9
2001;7;31;0;26;-99.9
2001;8;1;0;21.4;-99.9
2001;8;2;0;21.4;-99.9
2001;8;3;0;20.2;-99.9
2001;8;4;0;22.6;-99.9
2001;8;5;0;26.8;-99.9
2001;8;6;0;27.4;-99.9
2001;8;7;0;24.6;-99.9
2001;8;8;0;27.6;-99.9
2001;8;9;0;24.4;-99.9
2001;8;10;0;25.2;-99.9
2001;8;11;0;24.8;-99.9
2001;8;12;0;22.6;-99.9
2001;8;13;0;26;-99.9
2001;8;14;0;26;-99.9
2001;8;15;0;26.2;-99.9
2001;8;16;0;27;-99.9
2001;8;17;0;26;-99.9
2001;8;18;0;27.4;-99.9
2001;8;19;0;26.8;-99.9
2001;8;20;0;27;-99.9
2001;8;21;0;27.4;-99.9
2001;8;22;0;27.4;-99.9
2001;8;23;0;26.6;-99.9
2001;8;24;0;27.6;-99.9
2001;8;25;0;28;-99.9
2001;8;26;0;22.8;-99.9
2001;8;27;0;25.2;-99.9
2001;8;28;0;26;-99.9
2001;8;29;0;25.8;-99.9
2001;8;30;0;26;-99.9
2001;8;31;0;25.4;-99.9
2001;9;1;0;26.8;-99.9
2001;9;2;0;28.6;-99.9
2001;9;3;0;27.8;-99.9
2001;9;4;0;27;15.8
2001;9;5;0;27.8;15.8
2001;9;6;0;28.8;16.2
2001;9;7;0;27.8;15.4
2001;9;8;0;25.8;15.8
2001;9;9;0;27.8;14.8
2001;9;10;0;27;15.2
2001;9;11;0;27;15.4
2001;9;12;0;26.8;14.2
2001;9;13;0;28.8;15.4
2001;9;14;0;28.4;15
2001;9;15;0;24.8;15.6
2001;9;16;0;29.2;14.4
2001;9;17;0;26.4;15.4
2001;9;18;0;26.8;13.4
2001;9;19;0;27.8;14
2001;9;20;0;29;13.2
2001;9;21;0;27;13
2001;9;22;0;27.8;13.6
2001;9;23;0;27.6;15
2001;9;24;0;25.8;15.4
2001;9;25;0;26.6;14.8
2001;9;26;0;28.4;15.2
2001;9;27;0;24.4;14.4
2001;9;28;0;23.4;14.4
2001;9;29;0;27.4;13.8
2001;9;30;0;28.2;13.6
2001;10;1;0;27;14
2001;10;2;0;27.4;13.4
2001;10;3;0;27.8;14.4
2001;10;4;0;25.8;15.2
2001;10;5;0;28;15.6
2001;10;6;0;28.6;15
2001;10;7;0;28.4;14.4
2001;10;8;0;28.8;15
2001;10;9;0;28.6;14.2
2001;10;10;0;29.4;13.4
2001;10;11;0;27.2;14.6
2001;10;12;0;28.4;14.6
2001;10;13;0;27.2;15.8
2001;10;14;0;27.6;15.2
2001;10;15;0;28;15.6
2001;10;16;0;25.8;15.6
2001;10;17;0;26.6;14.2
2001;10;18;0;26.8;14.2
2001;10;19;0;28.2;15
2001;10;20;0;27.4;16.4
2001;10;21;0;29.2;15
2001;10;22;0;27.4;16.2
2001;10;23;0;28.2;16.4
2001;10;24;0;30.2;18.2
2001;10;25;0;30.4;14.6
2001;10;26;0;27.8;14.8
2001;10;27;0;28.8;16.6
2001;10;28;0;27.6;17.2
2001;10;29;0.9;27.8;17.6
2001;10;30;0;26.8;17
2001;10;31;0;25.8;17.2
2001;11;1;0;29.4;15.8
2001;11;2;0;28.8;13.8
2001;11;3;0;28.2;17
2001;11;4;0;28.2;13.2
2001;11;5;0;27.8;13.4
2001;11;6;0;28;13
2001;11;7;0;29.8;15.2
2001;11;8;0;29.8;17.4
2001;11;9;0;30.2;15.2
2001;11;10;0;29;16
2001;11;11;0;29.2;15.6
2001;11;12;0.9;28.8;17.4
2001;11;13;0;29.4;16.8
2001;11;14;0;30.6;17.2
2001;11;15;0;29.4;17.2
2001;11;16;0;29.8;16.8
2001;11;17;0;29.4;16.4
2001;11;18;0;30;16.4
2001;11;19;0;29.8;18
2001;11;20;0;30.6;17.8
2001;11;21;0;29.4;18
2001;11;22;0;30.4;17.6
2001;11;23;0.5;29.6;17.8
2001;11;24;0;29.8;16.4
2001;11;25;0;29.6;18.4
2001;11;26;0;29.4;18.8
2001;11;27;0;30.8;16
2001;11;28;0;28.4;18.2
2001;11;29;0;28;17.2
2001;11;30;0;28.2;17.4
2001;12;1;0;27.6;15.8
2001;12;2;0;28.6;14.8
2001;12;3;0;30;14.8
2001;12;4;0;31.4;17.2
2001;12;5;0;27.6;16.6
2001;12;6;0;30;17.4
2001;12;7;0;30.8;18
2001;12;8;0;29.2;17.2
2001;12;9;0;30.6;16.6
2001;12;10;0;30.6;18.2
2001;12;11;0;31.8;17
2001;12;12;0;31.8;17
2001;12;13;0;31.6;18
2001;12;14;0;32.4;19
2001;12;15;0;31.4;16.6
2001;12;16;0;30;17
2001;12;17;0;29.6;17.4
2001;12;18;0.8;30.4;21.4
2001;12;19;0;33;20
2001;12;20;0;30.8;19.6
2001;12;21;0;30.6;18.8
2001;12;22;0;32.2;18.2
2001;12;23;0.6;32;18.6
2001;12;24;0;30;18.8
2001;12;25;0;31.6;18.8
2001;12;26;0;32.4;19.4
2001;12;27;0;32.8;18.8
2001;12;28;0;28.2;19.2
2001;12;29;0;32;21
2001;12;30;0;28.2;19.6
2001;12;31;0;31.6;20.8
2002;1;1;0;31.6;17.6
2002;1;2;0;33;17
2002;1;3;0;32;18
2002;1;4;0;30.8;17.6
2002;1;5;0;31.4;17.4
2002;1;6;0;31.4;18.6
2002;1;7;0;31.8;20
2002;1;8;0;31.4;17.6
2002;1;9;0;33.4;16.8
2002;1;10;0;30.8;17.6
2002;1;11;0;31.4;18.8
2002;1;12;0;32.6;19.8
2002;1;13;0;32.2;17.4
2002;1;14;0;33.4;20
2002;1;15;0;32;17.6
2002;1;16;0;31;17.6
2002;1;17;0;32.2;18.6
2002;1;18;0;32.4;19.4
2002;1;19;0;28.8;18.4
2002;1;20;0;32.8;20
2002;1;21;0;31.8;18.4
2002;1;22;0;32.8;19.2
2002;1;23;0;32;19.4
2002;1;24;0;31.4;19.8
2002;1;25;0;32.2;19.4
2002;1;26;0;32.2;20.4
2002;1;27;0;31;19.8
2002;1;28;0;33.4;19
2002;1;29;0;33.6;20.2
2002;1;30;0;33.6;20
2002;1;31;0;32;21.8
2002;2;1;0;33;22.8
2002;2;2;0;33.8;22.4
2002;2;3;0;33;21.8
2002;2;4;3.1;30.6;23.2
2002;2;5;23.3;27;22
2002;2;6;0;31.4;22.4
2002;2;7;0;32.4;22.8
2002;2;8;0;33.2;23.2
2002;2;9;0;33.2;20.6
2002;2;10;0;34.4;22.6
2002;2;11;0;30.2;22.4
2002;2;12;0;30.8;23
2002;2;13;0;32;22
2002;2;14;0;29.8;21.6
2002;2;15;0;33;21.8
2002;2;16;0;30.4;22.4
2002;2;17;0;31.6;22.2
2002;2;18;0;33.4;21.8
2002;2;19;0;30.6;21.6
2002;2;20;0;33.4;22.4
2002;2;21;0;33.8;22.4
2002;2;22;0;34.6;23.4
2002;2;23;0;34.8;24.2
2002;2;24;0;30.4;23.6
2002;2;25;0;34.4;22.2
2002;2;26;0;31;22.4
2002;2;27;0;32;22.8
2002;2;28;0;32;23.8
2002;3;1;0;34.4;23.8
2002;3;2;0;34;23.2
2002;3;3;4.4;32.6;23.2
2002;3;4;7.5;29.8;22.4
2002;3;5;0.9;30.8;22.6
2002;3;6;3.9;32;22.8
2002;3;7;4.1;33.8;23
2002;3;8;1.3;34.6;21
2002;3;9;0;33.2;23
2002;3;10;0;32.6;22.2
2002;3;11;4.3;33;23.4
2002;3;12;1.6;33.6;22.6
2002;3;13;0;32.8;23.4
2002;3;14;0;33.6;22.8
2002;3;15;2.5;32.6;23.8
2002;3;16;0;32.6;23.6
2002;3;17;5.9;33.4;24.2
2002;3;18;0.9;31;24
2002;3;19;2;30.2;23.6
2002;3;20;0;33.4;23.8
2002;3;21;2.7;31.2;24.4
2002;3;22;0;33;24.2
2002;3;23;0;30.2;23.8
2002;3;24;0;33;23.4
2002;3;25;0;33.4;22.8
2002;3;26;0;31.2;23.2
2002;3;27;1.8;29.6;24.4
2002;3;28;52.1;30.8;23
2002;3;29;0.8;30.2;22.8
2002;3;30;0;31.2;23.2
2002;3;31;0;32.8;22.6
2002;4;1;1.2;32.4;23.4
2002;4;2;1.2;29.4;23.2
2002;4;3;0;31.4;22.6
2002;4;4;0;29.4;22.6
2002;4;5;0;32;23
2002;4;6;35.3;29.6;22.8
2002;4;7;24.8;30;22.4
2002;4;8;5.3;30.4;22.6
2002;4;9;1.9;29.4;21.8
2002;4;10;0;31.2;23.2
2002;4;11;0;31;22.8
2002;4;12;0;31.4;22.2
2002;4;13;0;30.8;20.6
2002;4;14;0;31.2;22.4
2002;4;15;0;31.8;20.6
2002;4;16;0;31.2;20.6
2002;4;17;0;29.4;20.2
2002;4;18;0;29.4;20.2
2002;4;19;0;29.6;20.2
2002;4;20;0;30.6;20
2002;4;21;0;31.6;20.8
2002;4;22;0;31.4;21.2
2002;4;23;0;30.8;21.2
2002;4;24;0;31.8;21.6
2002;4;25;0;29.6;20
2002;4;26;0;33.4;20.8
2002;4;27;0;32.8;20
2002;4;28;0;32;21.8
2002;4;29;0;30;19.4
2002;4;30;0;29.4;20
2002;5;1;0;30.6;20.2
2002;5;2;0;30.4;17.4
2002;5;3;0;31.2;17.6
2002;5;4;0;30.8;17.4
2002;5;5;0;32.2;19.2
2002;5;6;0;32;18.2
2002;5;7;0;30.4;19.6
2002;5;8;0;31.4;18
2002;5;9;0;32.6;18.4
2002;5;10;0;31.4;18.2
2002;5;11;0;32;19.2
2002;5;12;0;31.8;19.4
2002;5;13;0;32.2;21
2002;5;14;0;31.4;18.4
2002;5;15;0;30.6;18.4
2002;5;16;0;32;18.4
2002;5;17;0;30.6;18
2002;5;18;0;31;18.6
2002;5;19;0;29;18.4
2002;5;20;0;29.2;18.4
2002;5;21;0;30.4;18
2002;5;22;0;29.6;19
2002;5;23;0;31.4;19.6
2002;5;24;0;30;18.6
2002;5;25;0;33.8;20
2002;5;26;0;31.4;18
2002;5;27;0;30.4;18
2002;5;28;0;27.8;15.8
2002;5;29;0;29.4;15.6
2002;5;30;0;30.4;14.6
2002;5;31;0;29.6;15.2
2002;6;1;0;26;17
2002;6;2;0;30.4;14.2
2002;6;3;0;29;20
2002;6;4;0;30.4;17.6
2002;6;5;0;29.2;15.4
2002;6;6;0;28.4;15
2002;6;7;0;28.4;14.4
2002;6;8;0;28.8;15.4
2002;6;9;0;28.8;14
2002;6;10;0;28.6;14.2
2002;6;11;0;26.4;16.2
2002;6;12;0;29.6;16
2002;6;13;0;29.2;14.6
2002;6;14;0;29.2;14.8
2002;6;15;0;26.6;14.4
2002;6;16;0;26.6;14.4
2002;6;17;0;26.2;13
2002;6;18;0;27.2;12.4
2002;6;19;0;27;12.8
2002;6;20;0;28.6;14.4
2002;6;21;0;27.6;14.6
2002;6;22;0;27.6;18.2
2002;6;23;0;28.2;13.4
2002;6;24;0;22.6;18
2002;6;25;0;28;18.2
2002;6;26;0;27.8;13
2002;6;27;0;28.2;12.8
2002;6;28;0;27;13.4
2002;6;29;0;29.6;13.6
2002;6;30;0;28.4;14.4
2002;7;1;0;26.4;15
2002;7;2;0;26.4;14.2
2002;7;3;0;27.8;13.2
2002;7;4;0;26.4;13.4
2002;7;5;0;26.4;16
2002;7;6;0;27.4;16.4
2002;7;7;0;27.2;14.2
2002;7;8;0;27;14.2
2002;7;9;0;26.4;17.2
2002;7;10;0;27.6;13
2002;7;11;0;28.2;13.8
2002;7;12;0;28;15.6
2002;7;13;0;27.6;13.6
2002;7;14;0;26;16.2
2002;7;15;0;27.6;15.2
2002;7;16;0;27;16.2
2002;7;17;0;25.2;15.2
2002;7;18;0;26.4;15.6
2002;7;19;0;26.6;15.8
2002;7;20;0;23.6;15
2002;7;21;0;26;17.6
2002;7;22;0;25.6;13.4
2002;7;23;0;23.6;14.6
2002;7;24;0;24.4;16
2002;7;25;0;24.8;15
2002;7;26;0;25.6;14.8
2002;7;27;0;27.2;12
2002;7;28;0;28;12.8
2002;7;29;0;25;16.2
2002;7;30;0;27.4;15.8
2002;7;31;0;26.6;16
2002;8;1;0;25.4;16.6
2002;8;2;0;26.2;12.6
2002;8;3;0;21.4;15.6
2002;8;4;0;25;15.6
2002;8;5;0;22.2;14.8
2002;8;6;0;25.4;16.2
2002;8;7;0;25.4;15.2
2002;8;8;0;23.6;15.8
2002;8;9;0;24.2;13
2002;8;10;0;22.4;14.4
2002;8;11;0;25;14.8
2002;8;12;0;28.2;15.6
2002;8;13;0;29;13
2002;8;14;0;26;16
2002;8;15;0;26.2;15.4
2002;8;16;0;27;15.6
2002;8;17;0;28;12.4
2002;8;18;0;28.2;15.2
2002;8;19;0;27.4;14
2002;8;20;0;27;16.6
2002;8;21;0;26;16
2002;8;22;0;25.6;14.8
2002;8;23;0;25.2;16.6
2002;8;24;0;26.4;15.6
2002;8;25;0;29.4;17.4
2002;8;26;0;29.4;17.4
2002;8;27;0;25.4;16
2002;8;28;0;25.2;15
2002;8;29;0;26;16.4
2002;8;30;0;26.6;16.2
2002;8;31;0;25.4;15
2002;9;1;0;26;14.8
2002;9;2;0;28.4;11.6
2002;9;3;0;29;14.6
2002;9;4;0;28.8;14.8
2002;9;5;0;27.4;13.6
2002;9;6;0;28.4;12.6
2002;9;7;0;28.6;12.4
2002;9;8;0;27.2;14.4
2002;9;9;0;28;15
2002;9;10;0;29;16.2
2002;9;11;0;29;15.2
2002;9;12;0;25.6;15.2
2002;9;13;0;29.6;13
2002;9;14;0;27.8;13.6
2002;9;15;0;28.2;16.2
2002;9;16;0;28;13.8
2002;9;17;0;27;15.8
2002;9;18;0;27.4;14.8
2002;9;19;0;27.4;14.4
2002;9;20;0;27.2;14.6
2002;9;21;0;30;15.4
2002;9;22;0;28.4;14.2
2002;9;23;0;30;15.6
2002;9;24;0;27.8;16
2002;9;25;0;29;14
2002;9;26;0;29.4;15.8
2002;9;27;0;28.8;16.6
2002;9;28;0;28;16.2
2002;9;29;0;29.4;15.4
2002;9;30;0;28.2;17
2002;10;1;0;28.6;16.2
2002;10;2;0;27.4;16.2
2002;10;3;0;28.8;17.6
2002;10;4;0;28.8;17.8
2002;10;5;0;29;18
2002;10;6;0;25;16.2
2002;10;7;0;30.4;17.2
2002;10;8;0;28.8;17.6
2002;10;9;0;29.6;17.4
2002;10;10;0;28.2;17.2
2002;10;11;0;28.6;16.6
2002;10;12;0;28;15.8
2002;10;13;0;30.4;16.6
2002;10;14;0;31.2;16.8
2002;10;15;0;29.8;17.6
2002;10;16;0;27.4;16.6
2002;10;17;0;30.6;17
2002;10;18;0;31.4;17.8
2002;10;19;0;29.8;18
2002;10;20;0;29.8;17.8
2002;10;21;0;30;17.6
2002;10;22;0;33;17.6
2002;10;23;0;32.8;18.6
2002;10;24;0;28.8;18
2002;10;25;0.9;27.4;18
2002;10;26;0.4;27.8;17.8
2002;10;27;0;28.2;17
2002;10;28;0;28.6;17.4
2002;10;29;0;28.8;17.2
2002;10;30;0;30.4;18.2
2002;10;31;0;23.4;16.8
2002;11;1;0;28.8;15.8
2002;11;2;0;25.6;16
2002;11;3;0;29;17
2002;11;4;0;29.4;16
2002;11;5;0;25.6;16.8
2002;11;6;0;29.6;17.8
2002;11;7;0;28.6;19.2
2002;11;8;0;28.8;16.8
2002;11;9;0;29.6;17.8
2002;11;10;0;30.4;18.2
2002;11;11;0;30;18.2
2002;11;12;0;32;17.2
2002;11;13;0;26;17.6
2002;11;14;0;30;17.6
2002;11;15;0;31;18
2002;11;16;0;31.8;18
2002;11;17;0;30;18.4
2002;11;18;0;29.2;18.6
2002;11;19;0;30.2;19.2
2002;11;20;0;31.6;18.2
2002;11;21;1.3;30.6;18.6
2002;11;22;0;28.6;19
2002;11;23;0;31.6;18.6
2002;11;24;0;30.8;19
2002;11;25;0;29.6;17.8
2002;11;26;0;26.8;17.8
2002;11;27;0;29.2;17.8
2002;11;28;6.8;31;17.8
2002;11;29;0;27;19.2
2002;11;30;0;30.4;18.6
2002;12;1;0;30;19.8
2002;12;2;0;30.6;19.2
2002;12;3;0;31.2;17.4
2002;12;4;0;31.6;18.6
2002;12;5;0;32;20
2002;12;6;0;29.6;19.8
2002;12;7;0;32;20
2002;12;8;0;29.4;19.8
2002;12;9;0;31.6;19
2002;12;10;0;30.6;17.4
2002;12;11;0;24.6;19.2
2002;12;12;0;29.8;19.6
2002;12;13;0;31.8;18.6
2002;12;14;0;31.8;19.8
2002;12;15;0;30.6;19.6
2002;12;16;0;30.4;18.6
2002;12;17;0;33.4;18.8
2002;12;18;0;31.4;19
2002;12;19;0;29.4;19
2002;12;20;0;31.2;20.6
2002;12;21;0;31;20
2002;12;22;0;31;20
2002;12;23;0;29.4;18.6
2002;12;24;0;32.6;19
2002;12;25;0;32.6;21.4
2002;12;26;0;32.4;21
2002;12;27;0;29;21
2002;12;28;0;31.8;20
2002;12;29;0;32.6;20.4
2002;12;30;0;30;19.4
2002;12;31;0;30;20
2003;1;1;0;34.2;21.2
2003;1;2;0;31.8;20.6
2003;1;3;0;33;20.2
2003;1;4;0;33;19.8
2003;1;5;0;31.2;19.2
2003;1;6;0;32.6;21.8
2003;1;7;0;31;19.4
2003;1;8;0;31.8;20.8
2003;1;9;0;31.8;19.4
2003;1;10;0;31.6;22
2003;1;11;0;33.2;20.2
2003;1;12;0;31.6;21.4
2003;1;13;0;31.4;21.2
2003;1;14;0;33.6;22
2003;1;15;0;33.2;22.2
2003;1;16;0;31;23
2003;1;17;0;32;21.6
2003;1;18;0;32.8;21.6
2003;1;19;3.6;30;21.8
2003;1;20;0;30.2;21.4
2003;1;21;0;31.4;21.4
2003;1;22;0;31.4;21.2
2003;1;23;0;32.4;18.6
2003;1;24;0;28.4;18.8
2003;1;25;0;28.2;21.6
2003;1;26;0;29.8;21.2
2003;1;27;0;30;22.8
2003;1;28;0;34.2;21.6
2003;1;29;0;29.6;21.6
2003;1;30;0;30.8;22.6
2003;1;31;0;30.4;22
2003;2;1;29.9;32.8;22.6
2003;2;2;1.3;29.6;21
2003;2;3;0;31.8;22.6
2003;2;4;0;30.6;22.8
2003;2;5;0;29;22
2003;2;6;0;31.8;23.2
2003;2;7;0;30.4;23.6
2003;2;8;0;31;23
2003;2;9;0;34;22.6
2003;2;10;0;33.8;22.2
2003;2;11;0;32.6;23.6
2003;2;12;0;32.6;23.2
2003;2;13;0;33;23.6
2003;2;14;0;33.4;24
2003;2;15;0;33;20.6
2003;2;16;0;33.8;21
2003;2;17;0;33.8;21.2
2003;2;18;0;31.4;21.4
2003;2;19;0;31.6;21.2
2003;2;20;0;31.8;22.2
2003;2;21;0;30.6;22.4
2003;2;22;0;32.4;21.2
2003;2;23;0;35;21
2003;2;24;0;32;20.6
2003;2;25;0;33.8;23.6
2003;2;26;0;30;23.2
2003;2;27;1.4;34.8;22.8
2003;2;28;0.5;32;22.8
2003;3;1;0;32.6;21.2
2003;3;2;0;33;20.8
2003;3;3;0;33.6;20.8
2003;3;4;0;35.2;21.6
2003;3;5;0;34.4;20.8
2003;3;6;0;34.2;21.2
2003;3;7;0;34.8;21.8
2003;3;8;0;34.2;20.6
2003;3;9;0;34;21.4
2003;3;10;0;33;21.6
2003;3;11;0;34.8;22.2
2003;3;12;0;32.2;20.2
2003;3;13;0;32.4;21
2003;3;14;0;31.6;23.8
2003;3;15;0;32.4;22.4
2003;3;16;0;32;22.2
2003;3;17;0;34.2;22.2
2003;3;18;0;34.6;22.6
2003;3;19;0;34.6;22.2
2003;3;20;0;33.6;20.8
2003;3;21;0;33.4;19.8
2003;3;22;0;33;19.4
2003;3;23;0;31.6;21.6
2003;3;24;0;33.4;19.6
2003;3;25;0;33.2;21.2
2003;3;26;0;32;19
2003;3;27;0;33;20.4
2003;3;28;0;33.2;19.2
2003;3;29;0;32;19.4
2003;3;30;0;33;20.8
2003;3;31;0;34;20.8
2003;4;1;0;33.6;22.6
2003;4;2;0;32;19.8
2003;4;3;0;30.4;18.8
2003;4;4;0;33;20
2003;4;5;0;32;19.4
2003;4;6;0;34;19
2003;4;7;0;30.6;19.4
2003;4;8;0;31.8;19.6
2003;4;9;0;34.2;20.6
2003;4;10;0;35.4;21.4
2003;4;11;0;31;19
2003;4;12;0.9;31.4;20
2003;4;13;0;32.4;20.6
2003;4;14;0;31.6;19.2
2003;4;15;0;31.2;20
2003;4;16;0;30.4;19
2003;4;17;0;29.2;17.8
2003;4;18;0;29.6;17.8
2003;4;19;0;30.8;17.4
2003;4;20;0;30.6;17.8
2003;4;21;0;30.4;17.8
2003;4;22;0;27.6;19
2003;4;23;0;30.2;19.4
2003;4;24;0;30;18
2003;4;25;0;30.6;18
2003;4;26;0;30.6;18.4
2003;4;27;0;31;19
2003;4;28;0;30.8;18
2003;4;29;0;32.6;18
2003;4;30;0;31.4;17.8
2003;5;1;0;31.6;17
2003;5;2;0;29;18.4
2003;5;3;0;30.8;17.4
2003;5;4;0;31.6;17
2003;5;5;0;29.2;17.8
2003;5;6;0;31.8;18.4
2003;5;7;0;30.4;18.8
2003;5;8;0;29.8;18.4
2003;5;9;0;29;17.8
2003;5;10;0;30;17.8
2003;5;11;0;29.8;16.2
2003;5;12;0;29.4;18.4
2003;5;13;0;28.6;17.8
2003;5;14;0;29.4;17.6
2003;5;15;0;27;17.4
2003;5;16;0;30.2;16.2
2003;5;17;0;26.8;17.4
2003;5;18;0;29.8;16.4
2003;5;19;0;32.6;18.4
2003;5;20;0;31;17.4
2003;5;21;0;28.2;17.6
2003;5;22;0;26.8;17.6
2003;5;23;0;28.8;15.4
2003;5;24;0;30;15.4
2003;5;25;0;28.2;16.6
2003;5;26;0;26.6;18.2
2003;5;27;0;28.8;16
2003;5;28;0;28.6;16.8
2003;5;29;0;27.6;16.8
2003;5;30;0;27.2;16.2
2003;5;31;0;28.4;15.6
2003;6;1;0;26;16
2003;6;2;0;28.4;17
2003;6;3;0;28.4;14.2
2003;6;4;0;26.8;16.2
2003;6;5;0;30.4;17.2
2003;6;6;0;28;16.2
2003;6;7;0;29.4;16.6
2003;6;8;0;26.4;16.6
2003;6;9;0;28.4;15.8
2003;6;10;0;30;15.6
2003;6;11;0;27.4;16.4
2003;6;12;0;26.8;16
2003;6;13;0;27.6;15.2
2003;6;14;0;28.6;15
2003;6;15;0;26.8;15.8
2003;6;16;0;27.4;15.6
2003;6;17;0;25.4;17
2003;6;18;0;27.8;16.2
2003;6;19;0;28.4;15.6
2003;6;20;0;26.8;16.2
2003;6;21;0;25;17
2003;6;22;0;28.4;15.4
2003;6;23;0;28.6;16.2
2003;6;24;0;29.4;16.6
2003;6;25;0;26.4;16.6
2003;6;26;0;26.4;16.6
2003;6;27;0;24.4;16.6
2003;6;28;0;25.4;12.8
2003;6;29;0;28.4;13.4
2003;6;30;0;28;15.8
2003;7;1;0;27;15.2
2003;7;2;0;30;16.8
2003;7;3;0;24.4;18
2003;7;4;0;24.6;13.2
2003;7;5;0;26.4;16.8
2003;7;6;0;27.4;14.4
2003;7;7;0;25.4;17.4
2003;7;8;0;25.6;17.4
2003;7;9;0;27.4;14.4
2003;7;10;0;27.2;14.2
2003;7;11;0;27.6;16.2
2003;7;12;0;27;15.2
2003;7;13;0;27.2;13.4
2003;7;14;0;24.6;13.6
2003;7;15;0;24.8;14.6
2003;7;16;0;27;11.6
2003;7;17;0;27.2;12.6
2003;7;18;0;26.6;13.4
2003;7;19;0;27.4;12
2003;7;20;0;28.2;12.4
2003;7;21;0;28.2;12.2
2003;7;22;0;28.6;13.4
2003;7;23;0;29.8;14.6
2003;7;24;0;28.2;15
2003;7;25;0;27.4;15.4
2003;7;26;0;29.2;14
2003;7;27;0;28;15.8
2003;7;28;0;27;16.4
2003;7;29;0;27;13.4
2003;7;30;0;29;12
2003;7;31;0;26;15.8
2003;8;1;0;26;15.6
2003;8;2;0;27.4;16.6
2003;8;3;0;28;14.4
2003;8;4;0;27.4;14.2
2003;8;5;0;22.2;16
2003;8;6;0;26.8;12.2
2003;8;7;0;27.6;13.6
2003;8;8;0;30;16.2
2003;8;9;0;29.4;15.8
2003;8;10;0;26.2;16
2003;8;11;0;27.8;15.6
2003;8;12;0;27;15
2003;8;13;0;27;13.6
2003;8;14;0;25.6;12.8
2003;8;15;0;26.8;13.6
2003;8;16;0;31.4;14.6
2003;8;17;0;29.6;16
2003;8;18;0;26.4;14.4
2003;8;19;0;27.4;15.6
2003;8;20;0;25.2;16.8
2003;8;21;0;24.8;14.6
2003;8;22;0;26.6;12.4
2003;8;23;0;27.4;14.2
2003;8;24;0;26.4;14.2
2003;8;25;0;27.8;12.6
2003;8;26;0;29;15
2003;8;27;0;25.8;15.2
2003;8;28;0;24.6;15.6
2003;8;29;0;25.8;15
2003;8;30;0;25.6;16.2
2003;8;31;0;23.8;15
2003;9;1;0;27.4;14
2003;9;2;0;29.2;14.2
2003;9;3;0;26;16.6
2003;9;4;0;26.4;15.4
2003;9;5;0;28.2;14.4
2003;9;6;0;25.8;16.4
2003;9;7;0;26;15.2
2003;9;8;0;27;15.6
2003;9;9;0;23.4;15.8
2003;9;10;0;22.2;14.6
2003;9;11;0;25.8;15.4
2003;9;12;0;28.8;15.4
2003;9;13;0;26;16.2
2003;9;14;0;26;15.8
2003;9;15;0;25.4;16.4
2003;9;16;0;28.4;14.2
2003;9;17;0;27.4;15.6
2003;9;18;0;26.4;16.4
2003;9;19;0;27.2;15.4
2003;9;20;0;26.4;16.8
2003;9;21;1.2;27.2;14.8
2003;9;22;0;27;16.6
2003;9;23;0;28.4;16.2
2003;9;24;0;25.6;17
2003;9;25;0;29.4;16.4
2003;9;26;0;28.8;15.8
2003;9;27;0;26.6;16.4
2003;9;28;0;27.6;15.6
2003;9;29;0;27.8;16
2003;9;30;0;27;16.6
2003;10;1;0;28;15.4
2003;10;2;0;29.8;17
2003;10;3;0;28;17
2003;10;4;0;28.2;16
2003;10;5;0;28.2;16.2
2003;10;6;0;28;15.4
2003;10;7;0;29.4;13
2003;10;8;0;25.4;16.2
2003;10;9;0;30;16.6
2003;10;10;0;28.4;15.6
2003;10;11;0;29.4;16.2
2003;10;12;0;26.6;16.6
2003;10;13;0;29.4;14.6
2003;10;14;0;30.8;15.6
2003;10;15;0;28.4;16.8
2003;10;16;0;29.6;15.6
2003;10;17;0;29.6;16.6
2003;10;18;0;29.6;14
2003;10;19;0;27.4;15.6
2003;10;20;0;29.6;14.2
2003;10;21;0;27.8;17.2
2003;10;22;0;29.6;15.2
2003;10;23;0;25.4;16.8
2003;10;24;0;31.4;15.4
2003;10;25;0;33;15.8
2003;10;26;0;30.6;17
2003;10;27;0;29.8;15.8
2003;10;28;0;29.4;16
2003;10;29;0;27.4;16.2
2003;10;30;0;28.8;18
2003;10;31;0;29;17.4
2003;11;1;0;25.6;17
2003;11;2;0;28;13
2003;11;3;0;28.6;13.8
2003;11;4;0;28;15
2003;11;5;0;28;14
2003;11;6;0.8;29.4;16.4
2003;11;7;0;25.8;17.4
2003;11;8;0;27.6;17.2
2003;11;9;0;29;16
2003;11;10;0;28.4;17.6
2003;11;11;0;27.4;17.6
2003;11;12;0;28.8;15.6
2003;11;13;0;30.2;17
2003;11;14;0;27.8;17.8
2003;11;15;0;31;18.2
2003;11;16;0;30.4;18.6
2003;11;17;0;28;19
2003;11;18;0;30.6;17.6
2003;11;19;0;29.6;17.4
2003;11;20;0;25.8;16.6
2003;11;21;0;27;16.6
2003;11;22;0;30.8;17.8
2003;11;23;0;29.8;16.8
2003;11;24;0;27.8;17.4
2003;11;25;0;30;19.2
2003;11;26;0;27;17.6
2003;11;27;0;29.4;18.6
2003;11;28;0;31.2;18
2003;11;29;0;31;19.4
2003;11;30;0;30.4;18.6
2003;12;1;0;29.4;17.4
2003;12;2;0;30.4;18.6
2003;12;3;0;26.6;19.8
2003;12;4;0;27.8;19
2003;12;5;0;32.2;19.4
2003;12;6;0;29.8;19.2
2003;12;7;0;30.4;16.2
2003;12;8;0;32.6;16.4
2003;12;9;0;28.8;17.2
2003;12;10;0;32;17.2
2003;12;11;0;32.4;19.4
2003;12;12;0;30.4;18.8
2003;12;13;0;31.2;17.2
2003;12;14;0;31.6;19.2
2003;12;15;0;30.4;20.2
2003;12;16;0;32;19.2
2003;12;17;0;30.6;18.2
2003;12;18;0;30.6;19
2003;12;19;0;31.8;19.8
2003;12;20;0;33.4;19.2
2003;12;21;0;32.4;18
2003;12;22;0;33.4;20
2003;12;23;0;32.6;18.8
2003;12;24;2.5;31;20
2003;12;25;0;29.4;19.8
2003;12;26;0.8;25.4;20.2
2003;12;27;0;33;21.2
2003;12;28;0;32;20.8
2003;12;29;0;31;21.2
2003;12;30;0;32.6;17.8
2003;12;31;0;31.6;17.8
2004;1;1;0;32.2;18.6
2004;1;2;0;33;18.8
2004;1;3;0;34;20.2
2004;1;4;0;33.4;20
2004;1;5;0;33;20.8
2004;1;6;0;34.8;20.4
2004;1;7;0;31;22.4
2004;1;8;0;33.4;23
2004;1;9;0;32.8;23
2004;1;10;0;32.4;21
2004;1;11;0;34.4;21.8
2004;1;12;0;33.2;21
2004;1;13;0;32.8;20.2
2004;1;14;0;33;19.8
2004;1;15;0;32.8;20.8
2004;1;16;0;34.2;19.2
2004;1;17;0;32.8;18.6
2004;1;18;0;33.4;18.6
2004;1;19;0;33;18.6
2004;1;20;0;32;22.6
2004;1;21;0;34.4;22.8
2004;1;22;0;31.6;18.4
2004;1;23;0;32.2;16
2004;1;24;0;33;17.6
2004;1;25;0;30.6;18.8
2004;1;26;0.4;31.4;16.8
2004;1;27;0;31;20.8
2004;1;28;0;33.2;21.2
2004;1;29;0;33.6;21.2
2004;1;30;0;34.2;22.2
2004;1;31;0;34;22.6
2004;2;1;0;34;22.8
2004;2;2;0;30.4;22.4
2004;2;3;0;33.6;20.6
2004;2;4;1.6;34.4;22.2
2004;2;5;0;33.2;22.2
2004;2;6;0;32.8;23.8
2004;2;7;0;31.6;23.6
2004;2;8;0;33;23.8
2004;2;9;0;32.4;22.8
2004;2;10;0;35;23
2004;2;11;0;33.4;22.4
2004;2;12;0;33.4;23.4
2004;2;13;0;33.4;22.8
2004;2;14;0;33.2;23.2
2004;2;15;0;33.6;23.2
2004;2;16;0;32;23.6
2004;2;17;0;33.8;23.2
2004;2;18;0;32.4;22.6
2004;2;19;0;35.4;22.4
2004;2;20;0;34;21.2
2004;2;21;0;35.4;21.8
2004;2;22;0;35.6;21.6
2004;2;23;0;32.6;21.2
2004;2;24;0;34.8;19.4
2004;2;25;0;32;22.6
2004;2;26;0;34.2;23.6
2004;2;27;0;34.2;22
2004;2;28;0;34.6;21.4
2004;2;29;0;33.6;22
2004;3;1;-99.9;34.6;22.8
2004;3;2;-99.9;34.2;21
2004;3;3;-99.9;32;21.6
2004;3;4;-99.9;35.6;23.6
2004;3;5;-99.9;32.8;22.4
2004;3;6;-99.9;31.6;21.6
2004;3;7;-99.9;31.8;21.6
2004;3;8;-99.9;31.6;21.2
2004;3;9;-99.9;33.4;20
2004;3;10;-99.9;34.6;20.6
2004;3;11;-99.9;33.4;21.6
2004;3;12;-99.9;32.8;21.2
2004;3;13;-99.9;36.4;22.2
2004;3;14;-99.9;35.6;21.2
2004;3;15;-99.9;34.8;21
2004;3;16;-99.9;35;22.2
2004;3;17;-99.9;34.8;21
2004;3;18;-99.9;35;22.2
2004;3;19;-99.9;34.2;21
2004;3;20;-99.9;33.6;22.8
2004;3;21;-99.9;35.4;23.2
2004;3;22;-99.9;34.4;22.2
2004;3;23;-99.9;34.4;20.6
2004;3;24;-99.9;34.6;20.8
2004;3;25;-99.9;35;22.2
2004;3;26;-99.9;34.8;24.2
2004;3;27;-99.9;35.4;25.4
2004;3;28;-99.9;35;22.8
2004;3;29;-99.9;35.2;22
2004;3;30;-99.9;34.8;21.4
2004;3;31;-99.9;32.8;20.6
2004;4;1;0;33.2;21.8
2004;4;2;2.6;33.4;20.4
2004;4;3;0;32.6;21.2
2004;4;4;0;35;20.2
2004;4;5;0;31.8;20.4
2004;4;6;0;33;20.2
2004;4;7;0;32;19.2
2004;4;8;0;34.2;19.4
2004;4;9;0;33.6;20.2
2004;4;10;0;34.4;21.2
2004;4;11;0;33;21.4
2004;4;12;1;34.4;21
2004;4;13;0;33;21.4
2004;4;14;0;34;22.8
2004;4;15;0;33.8;22.2
2004;4;16;0;34.6;22.6
2004;4;17;0;33.6;20.6
2004;4;18;0;32;19.6
2004;4;19;0;30.6;18.6
2004;4;20;0;32;18.6
2004;4;21;0;32.6;18.2
2004;4;22;0;31.4;19.2
2004;4;23;0;30.6;22
2004;4;24;0;34.4;20
2004;4;25;0;31.4;19
2004;4;26;0;30.6;20.2
2004;4;27;0;30.8;18
2004;4;28;0;31.4;18.8
2004;4;29;0;30.6;18.2
2004;4;30;0;29.8;17
2004;5;1;-99.9;31;17.8
2004;5;2;-99.9;30.8;17.8
2004;5;3;-99.9;31.4;18.8
2004;5;4;-99.9;32.4;19.2
2004;5;5;-99.9;31.8;18.8
2004;5;6;-99.9;31.4;19
2004;5;7;-99.9;30.4;17.4
2004;5;8;-99.9;29.8;19.4
2004;5;9;-99.9;30.2;17.2
2004;5;10;-99.9;29.4;16.8
2004;5;11;-99.9;31;16.6
2004;5;12;-99.9;30.8;16
2004;5;13;-99.9;27;17.4
2004;5;14;-99.9;29.6;15.4
2004;5;15;-99.9;28.2;16
2004;5;16;-99.9;29.2;18.6
2004;5;17;-99.9;30.8;17.6
2004;5;18;-99.9;31.4;16.6
2004;5;19;-99.9;31;17
2004;5;20;-99.9;29.8;17
2004;5;21;-99.9;27.8;16.8
2004;5;22;-99.9;29;16
2004;5;23;-99.9;27.4;16.4
2004;5;24;-99.9;27.4;16
2004;5;25;-99.9;27.4;16
2004;5;26;-99.9;26.4;17.8
2004;5;27;-99.9;26;17.2
2004;5;28;-99.9;29.6;16
2004;5;29;-99.9;27.4;15
2004;5;30;-99.9;27.8;14.4
2004;5;31;-99.9;28.4;13.8
2004;6;1;0;27;13.6
2004;6;2;0;25.4;14.6
2004;6;3;0;27.8;14.8
2004;6;4;0;30.8;16.4
2004;6;5;0;27.8;16.4
2004;6;6;0;27;16
2004;6;7;0;28.2;13.8
2004;6;8;0;26.2;13.8
2004;6;9;0;26.4;14.2
2004;6;10;0;28;14
2004;6;11;0;27.2;14.4
2004;6;12;0;27.8;15
2004;6;13;0;24.8;16
2004;6;14;0;26.2;15
2004;6;15;0;25.6;13
2004;6;16;0;24.8;15.4
2004;6;17;0;23.2;14.2
2004;6;18;0;26.6;12.4
2004;6;19;0;25.6;15.4
2004;6;20;0;24.8;15.8
2004;6;21;0;24.8;15.4
2004;6;22;0;27.6;14.2
2004;6;23;0;26.6;15.2
2004;6;24;0;25.4;14
2004;6;25;0;26;13.2
2004;6;26;0;28.4;16
2004;6;27;0;26.8;15.6
2004;6;28;0;28.8;15
2004;6;29;0;27.4;15
2004;6;30;0;27.8;16.6
2004;7;1;0;26.4;17.6
2004;7;2;0;29;17.8
2004;7;3;0;27.4;16
2004;7;4;0;26;16.8
2004;7;5;0;25.4;15.8
2004;7;6;0;26.2;16.4
2004;7;7;0;24.4;16.4
2004;7;8;0;25;16.2
2004;7;9;0;24.8;15.8
2004;7;10;0;23.8;15.2
2004;7;11;0;25.4;15.8
2004;7;12;0;26.4;15.8
2004;7;13;0;27.2;14.6
2004;7;14;5;25.2;14.8
2004;7;15;0;25.4;15.8
2004;7;16;0;24;15.6
2004;7;17;0;22.4;16
2004;7;18;0;23.4;15
2004;7;19;0;25.4;15.2
2004;7;20;0;24.6;14.8
2004;7;21;0;23.6;16
2004;7;22;0;26.2;14.8
2004;7;23;0;28;12.6
2004;7;24;0;27;14.8
2004;7;25;0;-99.9;17
2004;7;26;0;-99.9;-99.9
2004;7;27;0;24.2;15.4
2004;7;28;0;27.6;15.4
2004;7;29;0;26.4;16.2
2004;7;30;0;27.8;13.4
2004;7;31;0;26.6;15.8
2004;8;1;0;26;15.8
2004;8;2;0;25.6;12.6
2004;8;3;0;26.8;11.8
2004;8;4;0;25.6;14.2
2004;8;5;0;25.8;11
2004;8;6;0;27;11.6
2004;8;7;0;28.4;14.4
2004;8;8;0;25.8;15.4
2004;8;9;0;26.6;13
2004;8;10;0;26;13.2
2004;8;11;0;26.4;14.4
2004;8;12;0;28;13.6
2004;8;13;0;25.4;16
2004;8;14;0;26.4;13.8
2004;8;15;0;28.8;11.8
2004;8;16;0;25;13.8
2004;8;17;0;27.6;13.4
2004;8;18;0;26.4;13.8
2004;8;19;0;27;15.4
2004;8;20;0;29.2;12.6
2004;8;21;0;28;13
2004;8;22;0;26.2;13.2
2004;8;23;0;24.6;12.8
2004;8;24;0;28.4;12
2004;8;25;0;29.6;13.4
2004;8;26;0;29;14.6
2004;8;27;0;26;14.6
2004;8;28;0;25.4;13
2004;8;29;0;27.6;12.4
2004;8;30;0;27.4;12.4
2004;8;31;0;30;14.6
2004;9;1;0;27.2;15.6
2004;9;2;0;27;15
2004;9;3;0;26.8;11.8
2004;9;4;0;26.6;13.6
2004;9;5;0;28.8;13.8
2004;9;6;1.5;28.2;16.4
2004;9;7;0;24.4;17.8
2004;9;8;0;28;16.8
2004;9;9;0;26.4;17
2004;9;10;0;27.8;16.6
2004;9;11;0;28.4;14.2
2004;9;12;0;29.2;13.4
2004;9;13;0;28.6;14.4
2004;9;14;0;29.4;16
2004;9;15;0;29;14
2004;9;16;0;27.8;14.6
2004;9;17;0;30;17.2
2004;9;18;0;28.8;17.4
2004;9;19;0;28;16
2004;9;20;0;26.4;15.6
2004;9;21;0;26.8;15.8
2004;9;22;0;29;15.6
2004;9;23;0;28.8;15.8
2004;9;24;0;29.4;14.4
2004;9;25;0;28.4;15.8
2004;9;26;0;28.2;16.4
2004;9;27;0;28.8;16.6
2004;9;28;0;30;16.8
2004;9;29;0;29.4;17.2
2004;9;30;0;29.2;17.6
2004;10;1;0;29.6;17.6
2004;10;2;0;30;17
2004;10;3;0;30;17
2004;10;4;0;30.6;17.6
2004;10;5;0;29.6;17.6
2004;10;6;0;29.8;17.6
2004;10;7;0;29.8;17.6
2004;10;8;0;29.6;15.6
2004;10;9;0;29.8;15.4
2004;10;10;0;30;15.4
2004;10;11;0;30.2;16.4
2004;10;12;0;30.4;16.8
2004;10;13;0;27.2;15.4
2004;10;14;0;30.6;16
2004;10;15;0;30.6;15.8
2004;10;16;0;28.4;15.4
2004;10;17;2.5;29.4;16.4
2004;10;18;0;27.4;17
2004;10;19;0;27.4;16
2004;10;20;0.8;28.2;16.8
2004;10;21;0;27.8;17
2004;10;22;0;30;16.4
2004;10;23;1.2;28.6;17.2
2004;10;24;0;28.6;17
2004;10;25;0;23.6;16.6
2004;10;26;0;30;17.8
2004;10;27;0;28.8;16.4
2004;10;28;0;30;13.6
2004;10;29;0;27.2;17
2004;10;30;0;28.4;17.2
2004;10;31;0;29;15.8
2004;11;1;0;29.4;16.2
2004;11;2;0;28.8;16
2004;11;3;0.2;27.2;17.4
2004;11;4;0;27.6;17.6
2004;11;5;0;30.8;17.4
2004;11;6;0;28.4;18
2004;11;7;0;30;18.4
2004;11;8;0;30;19
2004;11;9;0;27.6;17.6
2004;11;10;0;28.4;18.4
2004;11;11;0;30.4;17.6
2004;11;12;0;30.2;18.2
2004;11;13;0;27.8;18.2
2004;11;14;0;28;17.4
2004;11;15;0;30.6;15.2
2004;11;16;0;28.4;16.4
2004;11;17;0;29.2;15.8
2004;11;18;0;28.4;14.8
2004;11;19;0;30.6;17
2004;11;20;0;29.2;18.6
2004;11;21;0;29.6;16.2
2004;11;22;0;30.4;17
2004;11;23;0;30.4;15.8
2004;11;24;0;31.8;17
2004;11;25;0;32.4;17
2004;11;26;0;31.4;17
2004;11;27;0;31;17.4
2004;11;28;0;29.8;19
2004;11;29;0;30.6;19.2
2004;11;30;0;28.8;16.8
2004;12;1;0;29.8;18
2004;12;2;0;31;19
2004;12;3;0;32.4;18
2004;12;4;0;30.4;19
2004;12;5;0;31;18.6
2004;12;6;0;31.2;19.4
2004;12;7;0;30.8;19
2004;12;8;0;31.4;19.2
2004;12;9;0;31.4;20
2004;12;10;0;32;20.4
2004;12;11;0;30.4;19.4
2004;12;12;0;30.4;19.6
2004;12;13;0;32.2;19.6
2004;12;14;8.2;27.8;20.6
2004;12;15;1.2;27.6;19.8
2004;12;16;0;29.2;20.2
2004;12;17;0;30.8;19.6
2004;12;18;0;29.4;18.6
2004;12;19;0;30;19.4
2004;12;20;0;29.2;20.6
2004;12;21;0;31.6;18
2004;12;22;0;31.6;18.4
2004;12;23;0;31.8;18.2
2004;12;24;0;31.8;17.4
2004;12;25;0;33;16.8
2004;12;26;0;33.8;16.6
2004;12;27;0;31.6;17.4
2004;12;28;0;29.8;17.8
2004;12;29;0;32.8;21
2004;12;30;0;33;19.2
2004;12;31;0;30.6;17.8
